InputID,TargetID,Distance
client_10000000,service_10000000,137.171520482
client_10000000,service_10000001,414.508980068
client_10000000,service_10000007,507.7726764
client_10000000,service_10000005,777.797749157
client_10000000,service_10000006,1156.38083407
client_10000000,service_10000004,1182.83367649
client_10000000,service_10000011,1323.17195639
client_10000000,service_10000010,1552.45914435
client_10000000,service_10000009,1614.85967314
client_10000000,service_10000012,2468.99437723
client_10000000,service_10000013,2656.78221776
client_10000000,service_10000008,2754.05983628
client_10000000,service_10000014,2769.02066703
client_10000000,service_10000002,2953.7214686
client_10000000,service_10000003,3399.24284105
client_10000001,service_10000010,621.337838107
client_10000001,service_10000011,710.586100071
client_10000001,service_10000008,755.98659132
client_10000001,service_10000009,815.430847143
client_10000001,service_10000006,914.655448429
client_10000001,service_10000012,950.225833412
client_10000001,service_10000002,983.485013037
client_10000001,service_10000004,1253.74813515
client_10000001,service_10000013,1376.44886576
client_10000001,service_10000014,1503.98596993
client_10000001,service_10000003,1547.54424672
client_10000001,service_10000007,1685.5176059
client_10000001,service_10000001,1705.29568751
client_10000001,service_10000005,1846.42195574
client_10000001,service_10000000,2100.78104501
client_10000002,service_10000008,63.1872794696
client_10000002,service_10000002,242.931566981
client_10000002,service_10000012,742.710284887
client_10000002,service_10000003,842.495607024
client_10000002,service_10000013,1137.6111059
client_10000002,service_10000014,1229.25551002
client_10000002,service_10000009,1255.98843189
client_10000002,service_10000010,1356.11177915
client_10000002,service_10000011,1403.0349706
client_10000002,service_10000006,1572.11535007
client_10000002,service_10000004,1777.24876965
client_10000002,service_10000007,2330.84024441
client_10000002,service_10000005,2420.52835813
client_10000002,service_10000001,2427.39507809
client_10000002,service_10000000,2782.70145863
client_10000003,service_10000003,249.558190155
client_10000003,service_10000002,693.00001815
client_10000003,service_10000012,799.839396197
client_10000003,service_10000014,830.94214579
client_10000003,service_10000013,837.687764057
client_10000003,service_10000008,896.192224245
client_10000003,service_10000009,1649.74285897
client_10000003,service_10000011,2020.09080072
client_10000003,service_10000010,2114.73047246
client_10000003,service_10000006,2124.19994048
client_10000003,service_10000004,2143.96824632
client_10000003,service_10000005,2779.77106708
client_10000003,service_10000007,2798.85448843
client_10000003,service_10000001,3037.18713758
client_10000003,service_10000000,3289.77269612
client_10000004,service_10000003,236.507260574
client_10000004,service_10000002,861.579389918
client_10000004,service_10000008,1093.66936517
client_10000004,service_10000014,1103.80894566
client_10000004,service_10000012,1119.6727587
client_10000004,service_10000013,1130.73419489
client_10000004,service_10000009,1967.55735815
client_10000004,service_10000011,2321.70154621
client_10000004,service_10000010,2387.5316933
client_10000004,service_10000006,2434.24441463
client_10000004,service_10000004,2463.94998674
client_10000004,service_10000005,3099.92383643
client_10000004,service_10000007,3117.08590688
client_10000004,service_10000001,3344.53260159
client_10000004,service_10000000,3606.83379286
client_10000005,service_10000014,231.884049452
client_10000005,service_10000013,258.152917317
client_10000005,service_10000012,666.420508283
client_10000005,service_10000009,1139.2042255
client_10000005,service_10000003,1307.40270051
client_10000005,service_10000002,1406.33894254
client_10000005,service_10000008,1450.57549474
client_10000005,service_10000004,1459.06532398
client_10000005,service_10000006,1676.02335075
client_10000005,service_10000011,1689.38113988
client_10000005,service_10000005,2000.29089332
client_10000005,service_10000010,2004.93834907
client_10000005,service_10000007,2136.94168778
client_10000005,service_10000001,2539.11013552
client_10000005,service_10000000,2631.88979198
client_10000006,service_10000002,104.515421766
client_10000006,service_10000008,161.588203373
client_10000006,service_10000003,726.329539241
client_10000006,service_10000012,858.753872206
client_10000006,service_10000013,1216.26934868
client_10000006,service_10000014,1293.40467037
client_10000006,service_10000009,1437.76248864
client_10000006,service_10000010,1525.97143542
client_10000006,service_10000011,1589.64740435
client_10000006,service_10000006,1760.15048406
client_10000006,service_10000004,1960.63379655
client_10000006,service_10000007,2518.82653218
client_10000006,service_10000005,2605.43957222
client_10000006,service_10000001,2612.00774781
client_10000006,service_10000000,2970.66651498
client_10000007,service_10000014,417.563201693
client_10000007,service_10000013,479.724289582
client_10000007,service_10000012,692.102441289
client_10000007,service_10000003,717.646382513
client_10000007,service_10000002,1037.87436864
client_10000007,service_10000008,1179.92714576
client_10000007,service_10000009,1503.57203306
client_10000007,service_10000004,1940.236899
client_10000007,service_10000011,1971.46756123
client_10000007,service_10000006,2027.1189092
client_10000007,service_10000010,2166.88210492
client_10000007,service_10000005,2542.10030146
client_10000007,service_10000007,2618.98957577
client_10000007,service_10000001,2937.62969334
client_10000007,service_10000000,3117.84703451
client_10000008,service_10000004,216.918482285
client_10000008,service_10000006,404.542457506
client_10000008,service_10000007,498.231415357
client_10000008,service_10000005,569.417732636
client_10000008,service_10000011,629.802582664
client_10000008,service_10000009,653.809241716
client_10000008,service_10000001,894.519525869
client_10000008,service_10000000,994.682695374
client_10000008,service_10000010,1072.69601923
client_10000008,service_10000012,1503.08488523
client_10000008,service_10000013,1672.86650217
client_10000008,service_10000014,1785.85888928
client_10000008,service_10000008,1909.87052562
client_10000008,service_10000002,2078.84833157
client_10000008,service_10000003,2459.24037289
client_10000009,service_10000014,189.753580528
client_10000009,service_10000013,315.072768855
client_10000009,service_10000012,706.275348736
client_10000009,service_10000003,1027.80252824
client_10000009,service_10000002,1267.769805
client_10000009,service_10000008,1369.6205923
client_10000009,service_10000009,1396.5273253
client_10000009,service_10000004,1776.18922748
client_10000009,service_10000011,1914.20930544
client_10000009,service_10000006,1934.89970118
client_10000009,service_10000010,2172.0020505
client_10000009,service_10000005,2343.9828986
client_10000009,service_10000007,2458.24491975
client_10000009,service_10000001,2826.08296596
client_10000009,service_10000000,2956.35235426
client_10000010,service_10000002,134.206288987
client_10000010,service_10000008,195.20328737
client_10000010,service_10000003,735.534375823
client_10000010,service_10000012,912.801122826
client_10000010,service_10000013,1267.18184703
client_10000010,service_10000014,1342.5216418
client_10000010,service_10000009,1486.75776111
client_10000010,service_10000010,1550.55685794
client_10000010,service_10000011,1627.24674719
client_10000010,service_10000006,1801.03944884
client_10000010,service_10000004,2008.87517803
client_10000010,service_10000007,2561.90536294
client_10000010,service_10000001,2646.7000735
client_10000010,service_10000005,2652.72209051
client_10000010,service_10000000,3011.02698135
client_10000011,service_10000012,267.137646276
client_10000011,service_10000008,652.914414983
client_10000011,service_10000013,702.061719213
client_10000011,service_10000002,737.495776234
client_10000011,service_10000009,742.39627534
client_10000011,service_10000014,825.733165272
client_10000011,service_10000003,1072.16949225
client_10000011,service_10000011,1079.26502644
client_10000011,service_10000006,1182.75779152
client_10000011,service_10000010,1233.09662163
client_10000011,service_10000004,1263.52179214
client_10000011,service_10000007,1883.61136595
client_10000011,service_10000005,1913.1263321
client_10000011,service_10000001,2094.19560075
client_10000011,service_10000000,2365.46762927
client_10000012,service_10000013,273.583570859
client_10000012,service_10000012,299.757584914
client_10000012,service_10000014,342.336529772
client_10000012,service_10000003,832.029274843
client_10000012,service_10000002,879.528785072
client_10000012,service_10000008,948.224150325
client_10000012,service_10000009,1118.13442903
client_10000012,service_10000011,1576.57411549
client_10000012,service_10000004,1576.74215856
client_10000012,service_10000006,1635.38945957
client_10000012,service_10000010,1781.74398029
client_10000012,service_10000005,2197.31642496
client_10000012,service_10000007,2248.90471651
client_10000012,service_10000001,2548.11907304
client_10000012,service_10000000,2746.26385976
client_10000013,service_10000012,242.703106017
client_10000013,service_10000013,496.262685878
client_10000013,service_10000014,628.393120651
client_10000013,service_10000009,633.877272741
client_10000013,service_10000008,964.462475682
client_10000013,service_10000002,1016.4327564
client_10000013,service_10000004,1106.87650306
client_10000013,service_10000011,1111.96299757
client_10000013,service_10000006,1154.67579836
client_10000013,service_10000003,1221.04089831
client_10000013,service_10000010,1373.35672856
client_10000013,service_10000005,1741.98001579
client_10000013,service_10000007,1770.81764356
client_10000013,service_10000001,2065.10552303
client_10000013,service_10000000,2266.55905938
client_10000014,service_10000011,600.113274151
client_10000014,service_10000009,607.458225231
client_10000014,service_10000010,659.988539204
client_10000014,service_10000006,776.228322593
client_10000014,service_10000012,828.372637192
client_10000014,service_10000008,833.291248869
client_10000014,service_10000002,1037.9537219
client_10000014,service_10000004,1065.46065597
client_10000014,service_10000013,1233.19414854
client_10000014,service_10000014,1363.85281656
client_10000014,service_10000007,1544.75782374
client_10000014,service_10000003,1549.26871875
client_10000014,service_10000001,1627.72068135
client_10000014,service_10000005,1676.95577239
client_10000014,service_10000000,1983.63964918
client_10000015,service_10000013,300.039398453
client_10000015,service_10000014,358.890633859
client_10000015,service_10000012,582.246647429
client_10000015,service_10000009,938.562704487
client_10000015,service_10000004,1258.53570766
client_10000015,service_10000003,1370.94006331
client_10000015,service_10000002,1377.23641557
client_10000015,service_10000008,1387.76112483
client_10000015,service_10000006,1473.90708236
client_10000015,service_10000011,1493.03693316
client_10000015,service_10000005,1812.34484221
client_10000015,service_10000010,1822.74347823
client_10000015,service_10000007,1938.08292828
client_10000015,service_10000001,2335.44113016
client_10000015,service_10000000,2434.2621327
client_10000016,service_10000003,521.266980117
client_10000016,service_10000014,717.233721755
client_10000016,service_10000013,774.067338662
client_10000016,service_10000012,905.108106507
client_10000016,service_10000002,1005.62566657
client_10000016,service_10000008,1194.63916468
client_10000016,service_10000009,1750.08556891
client_10000016,service_10000011,2182.03130303
client_10000016,service_10000004,2209.36852387
client_10000016,service_10000006,2258.51988311
client_10000016,service_10000010,2330.59742493
client_10000016,service_10000005,2822.80193565
client_10000016,service_10000007,2883.0513464
client_10000016,service_10000001,3173.75926086
client_10000016,service_10000000,3380.53646238
client_10000017,service_10000007,165.598801804
client_10000017,service_10000000,341.01299434
client_10000017,service_10000005,416.74136932
client_10000017,service_10000001,557.9592367
client_10000017,service_10000004,841.944799907
client_10000017,service_10000006,927.231745842
client_10000017,service_10000011,1129.47368954
client_10000017,service_10000009,1315.19519122
client_10000017,service_10000010,1453.32514612
client_10000017,service_10000012,2166.26320212
client_10000017,service_10000013,2321.60298893
client_10000017,service_10000014,2429.23715823
client_10000017,service_10000008,2529.29549669
client_10000017,service_10000002,2713.5625489
client_10000017,service_10000003,3118.84091577
client_10000018,service_10000006,367.959619921
client_10000018,service_10000004,379.30994706
client_10000018,service_10000007,416.453780529
client_10000018,service_10000011,590.046631401
client_10000018,service_10000005,597.450969592
client_10000018,service_10000001,736.001558974
client_10000018,service_10000009,752.002726953
client_10000018,service_10000000,891.38944848
client_10000018,service_10000010,996.247365546
client_10000018,service_10000012,1606.43860759
client_10000018,service_10000013,1804.21534631
client_10000018,service_10000014,1920.76558685
client_10000018,service_10000008,1952.72117965
client_10000018,service_10000002,2134.50939631
client_10000018,service_10000003,2546.21101459
client_10000019,service_10000001,168.747634775
client_10000019,service_10000007,675.713600618
client_10000019,service_10000000,709.543550616
client_10000019,service_10000006,846.298090193
client_10000019,service_10000011,930.178816858
client_10000019,service_10000010,1030.25696681
client_10000019,service_10000005,1047.13438641
client_10000019,service_10000004,1114.70942308
client_10000019,service_10000009,1381.47207712
client_10000019,service_10000012,2194.55757868
client_10000019,service_10000008,2331.1207718
client_10000019,service_10000013,2464.33643163
client_10000019,service_10000002,2549.10832403
client_10000019,service_10000014,2588.72259483
client_10000019,service_10000003,3055.2596061
client_10000020,service_10000004,673.263500846
client_10000020,service_10000009,730.283126684
client_10000020,service_10000013,1059.00558879
client_10000020,service_10000005,1081.94591426
client_10000020,service_10000006,1090.91490208
client_10000020,service_10000014,1130.44711705
client_10000020,service_10000012,1132.26364654
client_10000020,service_10000011,1223.64132561
client_10000020,service_10000007,1281.55400876
client_10000020,service_10000010,1669.55326026
client_10000020,service_10000000,1754.86844963
client_10000020,service_10000001,1775.35874314
client_10000020,service_10000008,1844.69865651
client_10000020,service_10000002,1920.66456733
client_10000020,service_10000003,2077.86235562
client_10000021,service_10000008,409.403085325
client_10000021,service_10000012,438.9624564
client_10000021,service_10000002,517.653729359
client_10000021,service_10000013,870.909691344
client_10000021,service_10000009,933.139261241
client_10000021,service_10000003,956.359566239
client_10000021,service_10000014,981.627968692
client_10000021,service_10000011,1172.08219735
client_10000021,service_10000010,1233.7989302
client_10000021,service_10000006,1310.77224918
client_10000021,service_10000004,1458.22306379
client_10000021,service_10000007,2046.42736029
client_10000021,service_10000005,2106.71291209
client_10000021,service_10000001,2202.90361783
client_10000021,service_10000000,2515.40193892
client_10000022,service_10000004,135.642734244
client_10000022,service_10000005,514.32886926
client_10000022,service_10000006,555.47951651
client_10000022,service_10000007,568.586793304
client_10000022,service_10000009,660.194562654
client_10000022,service_10000011,771.546684183
client_10000022,service_10000001,1041.16799368
client_10000022,service_10000000,1063.91098795
client_10000022,service_10000010,1228.43558828
client_10000022,service_10000012,1477.86566632
client_10000022,service_10000013,1601.16450575
client_10000022,service_10000014,1706.91290103
client_10000022,service_10000008,1956.59288918
client_10000022,service_10000002,2109.85316817
client_10000022,service_10000003,2449.33461234
client_10000023,service_10000014,328.908710393
client_10000023,service_10000013,381.075676426
client_10000023,service_10000012,793.977401872
client_10000023,service_10000009,1222.54302571
client_10000023,service_10000003,1403.26657206
client_10000023,service_10000004,1507.00811557
client_10000023,service_10000002,1529.03918351
client_10000023,service_10000008,1577.35130011
client_10000023,service_10000006,1754.25584715
client_10000023,service_10000011,1780.15805085
client_10000023,service_10000005,2021.26917108
client_10000023,service_10000010,2110.23063023
client_10000023,service_10000007,2178.21089043
client_10000023,service_10000001,2600.6567408
client_10000023,service_10000000,2669.24030315
client_10000024,service_10000013,513.453648167
client_10000024,service_10000012,515.460726703
client_10000024,service_10000009,609.692149082
client_10000024,service_10000014,623.873768679
client_10000024,service_10000004,966.477274365
client_10000024,service_10000006,1146.41151884
client_10000024,service_10000011,1164.86840062
client_10000024,service_10000008,1274.05740138
client_10000024,service_10000002,1320.38001931
client_10000024,service_10000003,1461.86109737
client_10000024,service_10000010,1507.74464285
client_10000024,service_10000005,1560.86132253
client_10000024,service_10000007,1648.57350487
client_10000024,service_10000001,2018.62930103
client_10000024,service_10000000,2147.4821742
client_10000025,service_10000013,359.006235975
client_10000025,service_10000014,367.830804581
client_10000025,service_10000012,707.713083802
client_10000025,service_10000009,1057.04444424
client_10000025,service_10000004,1341.03944933
client_10000025,service_10000003,1431.58034788
client_10000025,service_10000002,1486.19264105
client_10000025,service_10000008,1509.75361201
client_10000025,service_10000006,1587.02020664
client_10000025,service_10000011,1616.94289812
client_10000025,service_10000005,1866.36967844
client_10000025,service_10000010,1956.65899799
client_10000025,service_10000007,2014.4853551
client_10000025,service_10000001,2432.65188405
client_10000025,service_10000000,2507.04961764
client_10000026,service_10000004,121.234822583
client_10000026,service_10000009,482.599376807
client_10000026,service_10000006,575.209057703
client_10000026,service_10000005,719.015263361
client_10000026,service_10000011,754.914424438
client_10000026,service_10000007,792.003634195
client_10000026,service_10000010,1221.12754554
client_10000026,service_10000001,1232.61848176
client_10000026,service_10000012,1263.86868613
client_10000026,service_10000000,1288.91688626
client_10000026,service_10000013,1375.4300687
client_10000026,service_10000014,1481.17440113
client_10000026,service_10000008,1787.14962486
client_10000026,service_10000002,1926.60114493
client_10000026,service_10000003,2239.46014236
client_10000027,service_10000008,288.688706401
client_10000027,service_10000002,398.899461204
client_10000027,service_10000012,530.093446709
client_10000027,service_10000003,885.390944493
client_10000027,service_10000013,946.337472877
client_10000027,service_10000014,1048.77458962
client_10000027,service_10000009,1052.30400745
client_10000027,service_10000011,1261.42413913
client_10000027,service_10000010,1284.90868028
client_10000027,service_10000006,1411.0642694
client_10000027,service_10000004,1576.89072142
client_10000027,service_10000007,2155.37838027
client_10000027,service_10000005,2224.3359474
client_10000027,service_10000001,2292.80381237
client_10000027,service_10000000,2619.44628168
client_10000028,service_10000004,108.518457343
client_10000028,service_10000006,396.197098644
client_10000028,service_10000009,529.78648048
client_10000028,service_10000011,605.644432675
client_10000028,service_10000007,630.728269418
client_10000028,service_10000005,658.499708243
client_10000028,service_10000001,1020.59212282
client_10000028,service_10000010,1066.63084901
client_10000028,service_10000000,1128.60286105
client_10000028,service_10000012,1373.13448891
client_10000028,service_10000013,1537.28015711
client_10000028,service_10000014,1650.26953204
client_10000028,service_10000008,1807.37892096
client_10000028,service_10000002,1968.789737
client_10000028,service_10000003,2334.09482444
client_10000029,service_10000000,144.611734577
client_10000029,service_10000007,378.94110249
client_10000029,service_10000005,563.929857187
client_10000029,service_10000001,576.984500948
client_10000029,service_10000004,1054.43024006
client_10000029,service_10000006,1125.32091127
client_10000029,service_10000011,1318.54667427
client_10000029,service_10000009,1528.41028631
client_10000029,service_10000010,1610.78490546
client_10000029,service_10000012,2380.00856237
client_10000029,service_10000013,2533.54615831
client_10000029,service_10000014,2640.17203508
client_10000029,service_10000008,2731.20295895
client_10000029,service_10000002,2919.10129854
client_10000029,service_10000003,3331.12702242
client_10000030,service_10000011,158.264563049
client_10000030,service_10000010,320.123892265
client_10000030,service_10000006,352.925586958
client_10000030,service_10000009,713.588238083
client_10000030,service_10000004,840.061372271
client_10000030,service_10000001,1010.91071874
client_10000030,service_10000007,1049.00545405
client_10000030,service_10000005,1285.57370494
client_10000030,service_10000012,1378.83539252
client_10000030,service_10000000,1421.3768845
client_10000030,service_10000008,1442.70236117
client_10000030,service_10000002,1659.91810506
client_10000030,service_10000013,1718.68745158
client_10000030,service_10000014,1850.00376821
client_10000030,service_10000003,2178.16722667
client_10000031,service_10000005,328.888987944
client_10000031,service_10000004,474.895877043
client_10000031,service_10000007,616.288076322
client_10000031,service_10000006,914.992345511
client_10000031,service_10000009,975.649091623
client_10000031,service_10000000,1029.94561691
client_10000031,service_10000011,1135.28876756
client_10000031,service_10000001,1187.43727388
client_10000031,service_10000010,1586.78550213
client_10000031,service_10000012,1726.51506712
client_10000031,service_10000013,1771.09169893
client_10000031,service_10000014,1859.96790004
client_10000031,service_10000008,2280.31069256
client_10000031,service_10000002,2417.3583509
client_10000031,service_10000003,2704.81533957
client_10000032,service_10000005,210.510302779
client_10000032,service_10000004,467.13194509
client_10000032,service_10000007,467.670270572
client_10000032,service_10000006,846.489579233
client_10000032,service_10000000,890.065934237
client_10000032,service_10000009,990.30619411
client_10000032,service_10000001,1040.70552397
client_10000032,service_10000011,1072.1672566
client_10000032,service_10000010,1509.65730169
client_10000032,service_10000012,1781.45880414
client_10000032,service_10000013,1857.89646297
client_10000032,service_10000014,1952.823297
client_10000032,service_10000008,2291.461283
client_10000032,service_10000002,2440.60425293
client_10000032,service_10000003,2758.55546464
client_10000033,service_10000011,186.466597327
client_10000033,service_10000006,398.911599461
client_10000033,service_10000010,407.995941843
client_10000033,service_10000009,556.372683146
client_10000033,service_10000004,816.077931534
client_10000033,service_10000012,1160.64527152
client_10000033,service_10000007,1164.40776229
client_10000033,service_10000001,1205.25229355
client_10000033,service_10000008,1250.20846947
client_10000033,service_10000005,1350.38898805
client_10000033,service_10000002,1459.91023675
client_10000033,service_10000013,1509.59760833
client_10000033,service_10000000,1577.79445801
client_10000033,service_10000014,1641.4170226
client_10000033,service_10000003,1963.98051807
client_10000034,service_10000008,511.70477906
client_10000034,service_10000002,745.646627912
client_10000034,service_10000010,853.594937877
client_10000034,service_10000012,879.784071497
client_10000034,service_10000011,956.969137973
client_10000034,service_10000009,977.323117125
client_10000034,service_10000006,1153.49653185
client_10000034,service_10000013,1319.41586707
client_10000034,service_10000003,1333.1675044
client_10000034,service_10000014,1439.04756037
client_10000034,service_10000004,1455.55435918
client_10000034,service_10000007,1925.09960647
client_10000034,service_10000001,1956.87505364
client_10000034,service_10000005,2068.27981259
client_10000034,service_10000000,2348.53892158
client_10000035,service_10000001,415.515619449
client_10000035,service_10000006,529.653304282
client_10000035,service_10000007,608.121086432
client_10000035,service_10000011,618.314542029
client_10000035,service_10000010,795.91836514
client_10000035,service_10000004,850.74312286
client_10000035,service_10000000,854.864479131
client_10000035,service_10000005,950.871706061
client_10000035,service_10000009,1067.39703855
client_10000035,service_10000012,1876.44016224
client_10000035,service_10000008,2036.92905672
client_10000035,service_10000013,2149.71142374
client_10000035,service_10000002,2249.59529074
client_10000035,service_10000014,2275.01558935
client_10000035,service_10000003,2743.54064609
client_10000036,service_10000004,426.062082499
client_10000036,service_10000009,539.818884646
client_10000036,service_10000006,841.337851215
client_10000036,service_10000005,917.217596242
client_10000036,service_10000011,985.008528341
client_10000036,service_10000007,1066.85778552
client_10000036,service_10000012,1130.04602599
client_10000036,service_10000013,1154.29028952
client_10000036,service_10000014,1246.47667063
client_10000036,service_10000010,1439.65972924
client_10000036,service_10000001,1535.55596346
client_10000036,service_10000000,1554.00976602
client_10000036,service_10000008,1766.07311886
client_10000036,service_10000002,1871.44860404
client_10000036,service_10000003,2103.99851194
client_10000037,service_10000013,395.380240715
client_10000037,service_10000014,494.681352075
client_10000037,service_10000012,509.693934239
client_10000037,service_10000009,751.774946359
client_10000037,service_10000004,1094.73006725
client_10000037,service_10000006,1288.46925566
client_10000037,service_10000008,1304.00443637
client_10000037,service_10000011,1305.37895166
client_10000037,service_10000002,1324.6165878
client_10000037,service_10000003,1403.75981334
client_10000037,service_10000010,1639.61690619
client_10000037,service_10000005,1672.87885004
client_10000037,service_10000007,1776.7535521
client_10000037,service_10000001,2157.5832901
client_10000037,service_10000000,2274.92398532
client_10000038,service_10000009,453.063084711
client_10000038,service_10000004,708.439214474
client_10000038,service_10000012,746.032363334
client_10000038,service_10000013,778.732026053
client_10000038,service_10000014,882.13158592
client_10000038,service_10000006,954.004914059
client_10000038,service_10000011,1015.95953274
client_10000038,service_10000005,1291.63175186
client_10000038,service_10000007,1389.915011
client_10000038,service_10000010,1412.52953764
client_10000038,service_10000008,1436.82745168
client_10000038,service_10000002,1516.70268774
client_10000038,service_10000003,1714.98233252
client_10000038,service_10000001,1787.68163495
client_10000038,service_10000000,1887.74556891
client_10000039,service_10000009,149.472911932
client_10000039,service_10000004,382.369934874
client_10000039,service_10000006,507.951751024
client_10000039,service_10000011,593.7516732
client_10000039,service_10000012,971.7053424
client_10000039,service_10000010,1030.40221752
client_10000039,service_10000007,1030.71601512
client_10000039,service_10000005,1032.03708114
client_10000039,service_10000013,1156.39492518
client_10000039,service_10000014,1275.51556472
client_10000039,service_10000001,1361.75578668
client_10000039,service_10000008,1454.04498451
client_10000039,service_10000000,1526.67783724
client_10000039,service_10000002,1596.7206118
client_10000039,service_10000003,1935.44618382
client_10000040,service_10000014,256.565583618
client_10000040,service_10000013,385.507090972
client_10000040,service_10000012,815.848533975
client_10000040,service_10000003,1188.23469976
client_10000040,service_10000002,1425.77372609
client_10000040,service_10000009,1427.98014196
client_10000040,service_10000008,1518.76893208
client_10000040,service_10000004,1768.15353843
client_10000040,service_10000011,1965.1452513
client_10000040,service_10000006,1967.35557105
client_10000040,service_10000010,2250.49802757
client_10000040,service_10000005,2308.85065572
client_10000040,service_10000007,2446.849454
client_10000040,service_10000001,2841.89291805
client_10000040,service_10000000,2942.0895146
client_10000041,service_10000010,549.700206315
client_10000041,service_10000011,611.36307536
client_10000041,service_10000009,745.455385941
client_10000041,service_10000006,816.227364627
client_10000041,service_10000008,846.860542041
client_10000041,service_10000012,972.219601723
client_10000041,service_10000002,1070.34540439
client_10000041,service_10000004,1165.52330449
client_10000041,service_10000013,1387.7044733
client_10000041,service_10000014,1517.30716297
client_10000041,service_10000007,1586.73444529
client_10000041,service_10000001,1609.4075035
client_10000041,service_10000003,1621.71551455
client_10000041,service_10000005,1751.32111265
client_10000041,service_10000000,2001.7195069
client_10000042,service_10000003,226.769087439
client_10000042,service_10000002,840.350232089
client_10000042,service_10000008,1077.46740885
client_10000042,service_10000012,1172.32196668
client_10000042,service_10000014,1189.09230838
client_10000042,service_10000013,1210.17511706
client_10000042,service_10000009,2012.95255213
client_10000042,service_10000011,2348.24762362
client_10000042,service_10000010,2395.2668283
client_10000042,service_10000006,2468.34314697
client_10000042,service_10000004,2515.50192141
client_10000042,service_10000005,3155.10617557
client_10000042,service_10000007,3162.36974774
client_10000042,service_10000001,3374.95727846
client_10000042,service_10000000,3649.46911754
client_10000043,service_10000004,323.466829517
client_10000043,service_10000009,637.24120409
client_10000043,service_10000005,722.353130445
client_10000043,service_10000006,803.436880287
client_10000043,service_10000007,895.076164386
client_10000043,service_10000011,981.687541722
client_10000043,service_10000012,1313.88215976
client_10000043,service_10000013,1350.80512536
client_10000043,service_10000000,1373.11682187
client_10000043,service_10000001,1395.12048699
client_10000043,service_10000014,1442.5137223
client_10000043,service_10000010,1447.28322213
client_10000043,service_10000008,1915.42808079
client_10000043,service_10000002,2034.16784157
client_10000043,service_10000003,2290.76643234
client_10000044,service_10000012,216.93494561
client_10000044,service_10000013,274.516969428
client_10000044,service_10000014,406.420379562
client_10000044,service_10000009,841.582597291
client_10000044,service_10000002,1021.68727792
client_10000044,service_10000008,1022.60452408
client_10000044,service_10000003,1104.72917149
client_10000044,service_10000004,1283.15136021
client_10000044,service_10000011,1336.12244406
client_10000044,service_10000006,1371.64261516
client_10000044,service_10000010,1593.80109957
client_10000044,service_10000005,1901.00519102
client_10000044,service_10000007,1958.39414295
client_10000044,service_10000001,2277.29706165
client_10000044,service_10000000,2456.68220226
client_10000045,service_10000000,271.793325553
client_10000045,service_10000007,374.411815906
client_10000045,service_10000005,457.20331184
client_10000045,service_10000001,702.843747578
client_10000045,service_10000004,1011.15280285
client_10000045,service_10000006,1145.51561306
client_10000045,service_10000011,1351.04070714
client_10000045,service_10000009,1507.28114092
client_10000045,service_10000010,1674.98372944
client_10000045,service_10000012,2351.30148292
client_10000045,service_10000013,2481.45004859
client_10000045,service_10000014,2583.9062969
client_10000045,service_10000008,2742.53413559
client_10000045,service_10000002,2922.64906035
client_10000045,service_10000003,3312.73156661
client_10000046,service_10000004,238.377544403
client_10000046,service_10000009,351.377105727
client_10000046,service_10000006,574.854961841
client_10000046,service_10000011,719.40025645
client_10000046,service_10000005,864.961899544
client_10000046,service_10000007,920.446147753
client_10000046,service_10000012,1118.09250774
client_10000046,service_10000010,1178.21885702
client_10000046,service_10000013,1241.38910806
client_10000046,service_10000001,1325.79429588
client_10000046,service_10000014,1350.63363018
client_10000046,service_10000000,1419.33803243
client_10000046,service_10000008,1650.50543096
client_10000046,service_10000002,1785.08042788
client_10000046,service_10000003,2093.38116277
client_10000047,service_10000012,205.880423072
client_10000047,service_10000013,372.933703481
client_10000047,service_10000014,505.101293776
client_10000047,service_10000009,744.447802847
client_10000047,service_10000008,996.536552784
client_10000047,service_10000002,1019.39618434
client_10000047,service_10000003,1158.52067949
client_10000047,service_10000004,1197.89452173
client_10000047,service_10000011,1234.57648867
client_10000047,service_10000006,1271.93178255
client_10000047,service_10000010,1495.5748242
client_10000047,service_10000005,1823.25993558
client_10000047,service_10000007,1869.45003603
client_10000047,service_10000001,2179.32875846
client_10000047,service_10000000,2366.95736953
client_10000048,service_10000012,214.694056494
client_10000048,service_10000013,396.95420501
client_10000048,service_10000014,529.091210385
client_10000048,service_10000009,719.124421674
client_10000048,service_10000008,995.502642687
client_10000048,service_10000002,1024.41773866
client_10000048,service_10000004,1174.73073556
client_10000048,service_10000003,1176.21804468
client_10000048,service_10000011,1209.16843126
client_10000048,service_10000006,1246.29861158
client_10000048,service_10000010,1472.21853937
client_10000048,service_10000005,1801.56516764
client_10000048,service_10000007,1845.45528013
client_10000048,service_10000001,2153.84628967
client_10000048,service_10000000,2342.78772941
client_10000049,service_10000012,343.369732462
client_10000049,service_10000008,565.427827122
client_10000049,service_10000002,667.631998247
client_10000049,service_10000013,782.912265652
client_10000049,service_10000009,790.00905825
client_10000049,service_10000014,903.231189336
client_10000049,service_10000003,1051.22720025
client_10000049,service_10000011,1079.20071447
client_10000049,service_10000010,1196.61936481
client_10000049,service_10000006,1199.23039816
client_10000049,service_10000004,1314.70362936
client_10000049,service_10000007,1918.45439078
client_10000049,service_10000005,1964.31219564
client_10000049,service_10000001,2103.74166763
client_10000049,service_10000000,2394.38753689
client_10000050,service_10000004,222.53279365
client_10000050,service_10000006,287.27312142
client_10000050,service_10000009,409.536932774
client_10000050,service_10000011,472.360883935
client_10000050,service_10000007,741.162784124
client_10000050,service_10000005,807.987354739
client_10000050,service_10000010,938.390838626
client_10000050,service_10000001,1058.32505776
client_10000050,service_10000000,1230.81168318
client_10000050,service_10000012,1263.64796697
client_10000050,service_10000013,1462.79344042
client_10000050,service_10000014,1581.349009
client_10000050,service_10000008,1661.12939091
client_10000050,service_10000002,1827.89740983
client_10000050,service_10000003,2212.18737831
client_10000051,service_10000008,404.080953792
client_10000051,service_10000002,622.12490938
client_10000051,service_10000012,1100.00448857
client_10000051,service_10000010,1121.3350108
client_10000051,service_10000003,1246.80619295
client_10000051,service_10000011,1311.90847535
client_10000051,service_10000009,1352.96489503
client_10000051,service_10000006,1518.58204118
client_10000051,service_10000013,1527.61622716
client_10000051,service_10000014,1632.20545688
client_10000051,service_10000004,1834.98015689
client_10000051,service_10000001,2278.01000784
client_10000051,service_10000007,2289.23000298
client_10000051,service_10000005,2444.61047678
client_10000051,service_10000000,2697.24913327
client_10000052,service_10000010,314.875063893
client_10000052,service_10000011,524.277757185
client_10000052,service_10000006,750.199940924
client_10000052,service_10000009,844.779404534
client_10000052,service_10000008,1053.08767017
client_10000052,service_10000004,1175.68150958
client_10000052,service_10000012,1206.99134355
client_10000052,service_10000002,1285.16762209
client_10000052,service_10000001,1440.83341447
client_10000052,service_10000007,1495.12064081
client_10000052,service_10000013,1613.24959051
client_10000052,service_10000005,1705.35593982
client_10000052,service_10000014,1744.10111547
client_10000052,service_10000003,1854.2432569
client_10000052,service_10000000,1872.29897408
client_10000053,service_10000008,382.204646278
client_10000053,service_10000002,579.65893409
client_10000053,service_10000012,647.831810608
client_10000053,service_10000009,936.261556481
client_10000053,service_10000010,1048.99332184
client_10000053,service_10000011,1058.36667461
client_10000053,service_10000013,1086.63925747
client_10000053,service_10000003,1119.54105801
client_10000053,service_10000014,1202.13365729
client_10000053,service_10000006,1226.16131585
client_10000053,service_10000004,1449.41769312
client_10000053,service_10000007,1986.67791143
client_10000053,service_10000001,2085.49535929
client_10000053,service_10000005,2086.872074
client_10000053,service_10000000,2436.66140809
client_10000054,service_10000011,164.890237704
client_10000054,service_10000006,274.087940989
client_10000054,service_10000009,409.257064504
client_10000054,service_10000010,572.223944799
client_10000054,service_10000004,637.074401193
client_10000054,service_10000007,1042.1999421
client_10000054,service_10000012,1125.21351257
client_10000054,service_10000001,1164.27785149
client_10000054,service_10000005,1195.59800557
client_10000054,service_10000008,1332.4416991
client_10000054,service_10000013,1435.28553015
client_10000054,service_10000000,1484.46028396
client_10000054,service_10000002,1526.62607359
client_10000054,service_10000014,1565.30186988
client_10000054,service_10000003,1990.1890807
client_10000055,service_10000013,14.8930063871
client_10000055,service_10000014,145.313437956
client_10000055,service_10000012,431.949232325
client_10000055,service_10000009,1068.16648763
client_10000055,service_10000003,1084.57645975
client_10000055,service_10000002,1148.60402545
client_10000055,service_10000008,1196.31620987
client_10000055,service_10000004,1464.96433719
client_10000055,service_10000011,1585.67313686
client_10000055,service_10000006,1605.92034237
client_10000055,service_10000010,1855.46447219
client_10000055,service_10000005,2053.55252826
client_10000055,service_10000007,2146.84743109
client_10000055,service_10000001,2500.23901253
client_10000055,service_10000000,2645.87189839
client_10000056,service_10000003,175.434047389
client_10000056,service_10000002,713.486049954
client_10000056,service_10000012,896.253296218
client_10000056,service_10000014,923.494076853
client_10000056,service_10000008,930.580448638
client_10000056,service_10000013,934.887864565
client_10000056,service_10000009,1743.59391975
client_10000056,service_10000011,2103.45685588
client_10000056,service_10000010,2184.14201866
client_10000056,service_10000006,2212.43547318
client_10000056,service_10000004,2240.56535709
client_10000056,service_10000005,2877.61239079
client_10000056,service_10000007,2893.1133111
client_10000056,service_10000001,3123.92251801
client_10000056,service_10000000,3382.97367148
client_10000057,service_10000013,645.082786347
client_10000057,service_10000014,710.076871062
client_10000057,service_10000009,776.801480485
client_10000057,service_10000012,801.234830292
client_10000057,service_10000004,971.991612981
client_10000057,service_10000006,1272.70523923
client_10000057,service_10000011,1340.42534667
client_10000057,service_10000005,1480.85707278
client_10000057,service_10000008,1581.27731701
client_10000057,service_10000002,1615.48308495
client_10000057,service_10000007,1636.81978378
client_10000057,service_10000003,1693.56856207
client_10000057,service_10000010,1731.2361268
client_10000057,service_10000001,2076.95495828
client_10000057,service_10000000,2126.37458456
client_10000058,service_10000009,702.268273268
client_10000058,service_10000004,731.115905509
client_10000058,service_10000013,941.906002437
client_10000058,service_10000014,1014.0647494
client_10000058,service_10000012,1025.19361134
client_10000058,service_10000006,1112.55065076
client_10000058,service_10000005,1184.61007714
client_10000058,service_10000011,1226.1684265
client_10000058,service_10000007,1366.19239467
client_10000058,service_10000010,1659.37433743
client_10000058,service_10000008,1753.42110176
client_10000058,service_10000002,1820.94719859
client_10000058,service_10000001,1841.57554753
client_10000058,service_10000000,1846.80492532
client_10000058,service_10000003,1964.07117358
client_10000059,service_10000013,136.629636535
client_10000059,service_10000014,225.793576931
client_10000059,service_10000012,342.629528927
client_10000059,service_10000003,957.18653087
client_10000059,service_10000002,1012.44787018
client_10000059,service_10000008,1068.90866037
client_10000059,service_10000009,1082.23395543
client_10000059,service_10000004,1513.46265823
client_10000059,service_10000011,1572.4833999
client_10000059,service_10000006,1612.31521514
client_10000059,service_10000010,1811.08629713
client_10000059,service_10000005,2120.24510138
client_10000059,service_10000007,2191.93172334
client_10000059,service_10000001,2518.06439027
client_10000059,service_10000000,2690.79286572
client_10000060,service_10000009,604.014068039
client_10000060,service_10000004,729.695036873
client_10000060,service_10000013,839.780823692
client_10000060,service_10000012,890.901919105
client_10000060,service_10000014,923.514446783
client_10000060,service_10000006,1058.59775212
client_10000060,service_10000011,1150.23533976
client_10000060,service_10000005,1245.52456326
client_10000060,service_10000007,1393.10178102
client_10000060,service_10000010,1568.11948092
client_10000060,service_10000008,1613.96070614
client_10000060,service_10000002,1682.66586339
client_10000060,service_10000001,1837.63505788
client_10000060,service_10000003,1839.38862315
client_10000060,service_10000000,1883.38734594
client_10000061,service_10000003,134.452201138
client_10000061,service_10000002,490.824072344
client_10000061,service_10000008,724.831564703
client_10000061,service_10000012,911.790329098
client_10000061,service_10000013,1063.64759967
client_10000061,service_10000014,1081.14920083
client_10000061,service_10000009,1717.65635869
client_10000061,service_10000011,2015.42839692
client_10000061,service_10000010,2043.99560705
client_10000061,service_10000006,2147.08362058
client_10000061,service_10000004,2232.70718997
client_10000061,service_10000007,2861.39645728
client_10000061,service_10000005,2879.55826243
client_10000061,service_10000001,3045.74157314
client_10000061,service_10000000,3341.60282783
client_10000062,service_10000010,719.878096285
client_10000062,service_10000008,1067.96862721
client_10000062,service_10000011,1116.38480798
client_10000062,service_10000002,1299.67564405
client_10000062,service_10000006,1342.67716805
client_10000062,service_10000009,1437.0198153
client_10000062,service_10000012,1572.01871511
client_10000062,service_10000004,1786.86568882
client_10000062,service_10000001,1872.24478501
client_10000062,service_10000003,1924.58567252
client_10000062,service_10000013,2010.15356621
client_10000062,service_10000007,2046.07409618
client_10000062,service_10000014,2132.18893183
client_10000062,service_10000005,2291.44979778
client_10000062,service_10000000,2364.21751637
client_10000063,service_10000012,391.233582847
client_10000063,service_10000009,623.748998057
client_10000063,service_10000008,706.444900367
client_10000063,service_10000013,805.90064149
client_10000063,service_10000002,829.26580895
client_10000063,service_10000011,931.454882731
client_10000063,service_10000014,934.483610651
client_10000063,service_10000006,1039.63992508
client_10000063,service_10000010,1093.29242209
client_10000063,service_10000004,1148.76574198
client_10000063,service_10000003,1211.2020917
client_10000063,service_10000007,1752.22919794
client_10000063,service_10000005,1798.13516753
client_10000063,service_10000001,1948.84736235
client_10000063,service_10000000,2229.76411763
client_10000064,service_10000010,573.592650721
client_10000064,service_10000011,847.22036582
client_10000064,service_10000008,849.143003458
client_10000064,service_10000006,1071.43063378
client_10000064,service_10000009,1083.15359603
client_10000064,service_10000002,1089.35951833
client_10000064,service_10000012,1222.24672083
client_10000064,service_10000004,1474.36082487
client_10000064,service_10000013,1656.26500294
client_10000064,service_10000003,1696.92920052
client_10000064,service_10000001,1745.63728166
client_10000064,service_10000014,1781.22505722
client_10000064,service_10000007,1820.5101798
client_10000064,service_10000005,2025.65581817
client_10000064,service_10000000,2192.4513376
client_10000065,service_10000003,513.274014587
client_10000065,service_10000012,556.488891637
client_10000065,service_10000013,563.300042348
client_10000065,service_10000014,570.019455136
client_10000065,service_10000002,743.670283766
client_10000065,service_10000008,891.060098996
client_10000065,service_10000009,1410.56109252
client_10000065,service_10000011,1821.30614907
client_10000065,service_10000004,1890.52183443
client_10000065,service_10000006,1906.14500261
client_10000065,service_10000010,1965.09675382
client_10000065,service_10000005,2519.51367028
client_10000065,service_10000007,2554.64552167
client_10000065,service_10000001,2821.88834268
client_10000065,service_10000000,3049.23898724
client_10000066,service_10000003,246.313308583
client_10000066,service_10000002,645.132112049
client_10000066,service_10000012,768.05671272
client_10000066,service_10000013,830.687544819
client_10000066,service_10000014,831.874999412
client_10000066,service_10000008,846.517772306
client_10000066,service_10000009,1614.57852406
client_10000066,service_10000011,1977.47726339
client_10000066,service_10000010,2067.33130484
client_10000066,service_10000006,2084.36844163
client_10000066,service_10000004,2112.25539165
client_10000066,service_10000005,2750.1648061
client_10000066,service_10000007,2764.11903954
client_10000066,service_10000001,2996.45062213
client_10000066,service_10000000,3253.94011884
client_10000067,service_10000009,99.2860334992
client_10000067,service_10000004,459.302624427
client_10000067,service_10000006,564.606071246
client_10000067,service_10000011,625.523347381
client_10000067,service_10000012,891.731212436
client_10000067,service_10000010,1044.34731464
client_10000067,service_10000013,1081.21778064
client_10000067,service_10000005,1108.07791312
client_10000067,service_10000007,1110.72178778
client_10000067,service_10000014,1201.72552837
client_10000067,service_10000008,1388.26517634
client_10000067,service_10000001,1434.65099493
client_10000067,service_10000002,1525.5385484
client_10000067,service_10000000,1606.49536307
client_10000067,service_10000003,1856.51233441
client_10000068,service_10000005,197.358274879
client_10000068,service_10000007,412.363147375
client_10000068,service_10000004,455.660399424
client_10000068,service_10000006,806.782642004
client_10000068,service_10000000,847.539948037
client_10000068,service_10000009,980.817305132
client_10000068,service_10000001,983.044482356
client_10000068,service_10000011,1033.36338227
client_10000068,service_10000010,1465.2563204
client_10000068,service_10000012,1785.49470583
client_10000068,service_10000013,1875.60337176
client_10000068,service_10000014,1973.16208338
client_10000068,service_10000008,2277.18156434
client_10000068,service_10000002,2430.87521615
client_10000068,service_10000003,2760.92768631
client_10000069,service_10000012,352.314111841
client_10000069,service_10000002,490.564016598
client_10000069,service_10000008,552.947857397
client_10000069,service_10000013,660.633546181
client_10000069,service_10000003,664.978343145
client_10000069,service_10000014,740.539277616
client_10000069,service_10000009,1141.29023417
client_10000069,service_10000011,1479.91251693
client_10000069,service_10000010,1583.68108288
client_10000069,service_10000006,1591.20449345
client_10000069,service_10000004,1654.32040977
client_10000069,service_10000007,2288.32928473
client_10000069,service_10000005,2301.06377317
client_10000069,service_10000001,2500.91614557
client_10000069,service_10000000,2772.77602797
client_10000070,service_10000002,87.3140450816
client_10000070,service_10000008,169.898056963
client_10000070,service_10000003,710.482531372
client_10000070,service_10000012,847.368623137
client_10000070,service_10000013,1201.83119781
client_10000070,service_10000014,1278.13631103
client_10000070,service_10000009,1435.5235251
client_10000070,service_10000010,1534.95888295
client_10000070,service_10000011,1593.7703438
client_10000070,service_10000006,1762.70785989
client_10000070,service_10000004,1958.87930649
client_10000070,service_10000007,2520.1799909
client_10000070,service_10000005,2604.2944965
client_10000070,service_10000001,2617.24223945
client_10000070,service_10000000,2973.37392101
client_10000071,service_10000014,273.72479917
client_10000071,service_10000013,372.771666831
client_10000071,service_10000012,697.636752104
client_10000071,service_10000003,900.954748617
client_10000071,service_10000002,1177.17315758
client_10000071,service_10000008,1296.31458634
client_10000071,service_10000009,1447.60570584
client_10000071,service_10000004,1852.38445537
client_10000071,service_10000011,1946.54796474
client_10000071,service_10000006,1981.84147382
client_10000071,service_10000010,2179.04642666
client_10000071,service_10000005,2434.9970028
client_10000071,service_10000007,2534.37503514
client_10000071,service_10000001,2882.67871804
client_10000071,service_10000000,3033.35833783
client_10000072,service_10000010,515.963068749
client_10000072,service_10000011,850.16972811
client_10000072,service_10000008,961.160029369
client_10000072,service_10000006,1077.06650652
client_10000072,service_10000009,1145.29551944
client_10000072,service_10000002,1201.34626554
client_10000072,service_10000012,1336.63964604
client_10000072,service_10000004,1505.02387835
client_10000072,service_10000001,1695.07470319
client_10000072,service_10000013,1768.60368911
client_10000072,service_10000007,1807.46045481
client_10000072,service_10000003,1812.63482518
client_10000072,service_10000014,1894.52731506
client_10000072,service_10000005,2031.56781167
client_10000072,service_10000000,2159.02148195
client_10000073,service_10000013,487.916433776
client_10000073,service_10000012,488.461343115
client_10000073,service_10000014,600.381831969
client_10000073,service_10000009,625.114275969
client_10000073,service_10000004,991.866831478
client_10000073,service_10000006,1163.22239098
client_10000073,service_10000011,1176.71361633
client_10000073,service_10000008,1252.26081325
client_10000073,service_10000002,1295.3751568
client_10000073,service_10000003,1432.72768572
client_10000073,service_10000010,1512.85340695
client_10000073,service_10000005,1588.73012332
client_10000073,service_10000007,1673.75293124
client_10000073,service_10000001,2039.4267484
client_10000073,service_10000000,2172.76481942
client_10000074,service_10000008,341.335845044
client_10000074,service_10000002,419.562265942
client_10000074,service_10000012,468.926411525
client_10000074,service_10000003,860.808315055
client_10000074,service_10000013,882.099483587
client_10000074,service_10000014,984.151497256
client_10000074,service_10000009,1033.67729186
client_10000074,service_10000011,1271.96151678
client_10000074,service_10000010,1317.48133828
client_10000074,service_10000006,1413.22002989
client_10000074,service_10000004,1558.83360715
client_10000074,service_10000007,2149.47826064
client_10000074,service_10000005,2207.77037213
client_10000074,service_10000001,2303.22762871
client_10000074,service_10000000,2618.37099501
client_10000075,service_10000012,420.801314971
client_10000075,service_10000002,530.889065428
client_10000075,service_10000003,559.51055275
client_10000075,service_10000013,633.125278265
client_10000075,service_10000008,642.285508613
client_10000075,service_10000014,691.15468539
client_10000075,service_10000009,1250.62907557
client_10000075,service_10000011,1610.45693434
client_10000075,service_10000006,1715.25070661
client_10000075,service_10000010,1721.30626921
client_10000075,service_10000004,1755.70913431
client_10000075,service_10000005,2398.71866238
client_10000075,service_10000007,2400.08542867
client_10000075,service_10000001,2627.52565283
client_10000075,service_10000000,2887.95179163
client_10000076,service_10000010,666.324642733
client_10000076,service_10000008,817.523927526
client_10000076,service_10000011,958.055754491
client_10000076,service_10000002,1056.71227495
client_10000076,service_10000006,1182.51555517
client_10000076,service_10000009,1184.02080962
client_10000076,service_10000012,1266.17947959
client_10000076,service_10000004,1583.9429822
client_10000076,service_10000003,1674.15088689
client_10000076,service_10000013,1704.12033209
client_10000076,service_10000014,1826.37267232
client_10000076,service_10000001,1843.62996954
client_10000076,service_10000007,1929.9704823
client_10000076,service_10000005,2136.84341464
client_10000076,service_10000000,2297.24268774
client_10000077,service_10000000,228.059150181
client_10000077,service_10000001,314.798617025
client_10000077,service_10000007,470.857763117
client_10000077,service_10000005,779.227321524
client_10000077,service_10000006,1069.79918844
client_10000077,service_10000004,1128.55589328
client_10000077,service_10000011,1229.83177133
client_10000077,service_10000010,1450.03539328
client_10000077,service_10000009,1541.79667629
client_10000077,service_10000012,2394.38507861
client_10000077,service_10000013,2594.28856765
client_10000077,service_10000008,2661.70750709
client_10000077,service_10000014,2708.64459854
client_10000077,service_10000002,2863.680403
client_10000077,service_10000003,3317.19031237
client_10000078,service_10000003,502.844826627
client_10000078,service_10000014,656.899686391
client_10000078,service_10000013,702.582267845
client_10000078,service_10000012,813.366661018
client_10000078,service_10000002,938.470201003
client_10000078,service_10000008,1118.92684452
client_10000078,service_10000009,1660.22073861
client_10000078,service_10000011,2089.36678366
client_10000078,service_10000004,2123.31124616
client_10000078,service_10000006,2166.85853004
client_10000078,service_10000010,2238.66115835
client_10000078,service_10000005,2740.0295251
client_10000078,service_10000007,2795.50666559
client_10000078,service_10000001,3082.26138033
client_10000078,service_10000000,3292.56833829
client_10000079,service_10000010,425.063245416
client_10000079,service_10000011,767.25537439
client_10000079,service_10000006,994.251622304
client_10000079,service_10000008,1019.65068154
client_10000079,service_10000009,1091.14257887
client_10000079,service_10000002,1259.72147999
client_10000079,service_10000012,1341.50670288
client_10000079,service_10000004,1431.18849563
client_10000079,service_10000001,1604.13473581
client_10000079,service_10000007,1718.85239037
client_10000079,service_10000013,1767.80098587
client_10000079,service_10000003,1863.91313381
client_10000079,service_10000014,1895.56995862
client_10000079,service_10000005,1947.51832793
client_10000079,service_10000000,2067.86503837
client_10000080,service_10000008,571.057268643
client_10000080,service_10000002,810.78928698
client_10000080,service_10000010,846.191726349
client_10000080,service_10000011,1043.73800432
client_10000080,service_10000012,1072.02011102
client_10000080,service_10000009,1146.45297341
client_10000080,service_10000006,1255.99956965
client_10000080,service_10000003,1426.95327752
client_10000080,service_10000013,1511.75468688
client_10000080,service_10000004,1601.27196301
client_10000080,service_10000014,1628.91099372
client_10000080,service_10000001,2000.36820645
client_10000080,service_10000007,2023.72101037
client_10000080,service_10000005,2194.21841548
client_10000080,service_10000000,2423.64863895
client_10000081,service_10000005,329.652321858
client_10000081,service_10000004,346.416244538
client_10000081,service_10000007,518.119611493
client_10000081,service_10000006,758.638247315
client_10000081,service_10000009,867.015250171
client_10000081,service_10000000,976.319802746
client_10000081,service_10000011,980.900671329
client_10000081,service_10000001,1068.04765679
client_10000081,service_10000010,1429.16724305
client_10000081,service_10000012,1656.71649698
client_10000081,service_10000013,1739.49710336
client_10000081,service_10000014,1836.56801527
client_10000081,service_10000008,2169.73568384
client_10000081,service_10000002,2316.89130627
client_10000081,service_10000003,2633.59594336
client_10000082,service_10000012,600.975188381
client_10000082,service_10000009,643.007723512
client_10000082,service_10000008,673.331864905
client_10000082,service_10000011,805.919168822
client_10000082,service_10000002,849.32230404
client_10000082,service_10000010,899.617818317
client_10000082,service_10000006,952.122218893
client_10000082,service_10000013,1022.20391741
client_10000082,service_10000014,1150.35926317
client_10000082,service_10000004,1154.2315609
client_10000082,service_10000003,1322.05577479
client_10000082,service_10000007,1702.19308992
client_10000082,service_10000005,1792.61676184
client_10000082,service_10000001,1837.12810689
client_10000082,service_10000000,2161.48207875
client_10000083,service_10000001,253.511158819
client_10000083,service_10000007,499.253194313
client_10000083,service_10000006,662.457356106
client_10000083,service_10000000,678.031284754
client_10000083,service_10000011,782.649257653
client_10000083,service_10000005,864.694754426
client_10000083,service_10000004,895.422266026
client_10000083,service_10000010,975.452278417
client_10000083,service_10000009,1186.31563724
client_10000083,service_10000012,2015.86091842
client_10000083,service_10000008,2209.6755006
client_10000083,service_10000013,2267.55744457
client_10000083,service_10000014,2390.0649334
client_10000083,service_10000002,2419.34900936
client_10000083,service_10000003,2901.83915762
client_10000084,service_10000002,383.494342822
client_10000084,service_10000012,474.70105345
client_10000084,service_10000008,485.651400168
client_10000084,service_10000003,573.207017263
client_10000084,service_10000013,765.945109063
client_10000084,service_10000014,835.601003896
client_10000084,service_10000009,1244.3606465
client_10000084,service_10000011,1554.27239491
client_10000084,service_10000010,1626.50571558
client_10000084,service_10000006,1677.02792959
client_10000084,service_10000004,1761.83365727
client_10000084,service_10000007,2387.174269
client_10000084,service_10000005,2410.12336946
client_10000084,service_10000001,2581.19404187
client_10000084,service_10000000,2867.89961022
client_10000085,service_10000004,53.8827519806
client_10000085,service_10000006,545.322926012
client_10000085,service_10000009,564.65895461
client_10000085,service_10000005,615.401405717
client_10000085,service_10000007,675.647818385
client_10000085,service_10000011,746.695865308
client_10000085,service_10000001,1128.04011771
client_10000085,service_10000000,1172.38691893
client_10000085,service_10000010,1211.22539656
client_10000085,service_10000012,1370.87456285
client_10000085,service_10000013,1491.41436516
client_10000085,service_10000014,1597.59427652
client_10000085,service_10000008,1867.30455406
client_10000085,service_10000002,2014.92083929
client_10000085,service_10000003,2344.00823281
client_10000086,service_10000010,590.855433519
client_10000086,service_10000011,934.299218755
client_10000086,service_10000008,944.936190756
client_10000086,service_10000006,1161.2010934
client_10000086,service_10000002,1183.95423774
client_10000086,service_10000009,1220.48726309
client_10000086,service_10000012,1371.80454798
client_10000086,service_10000004,1587.7394333
client_10000086,service_10000001,1768.95124514
client_10000086,service_10000003,1801.68929649
client_10000086,service_10000013,1807.27960332
client_10000086,service_10000007,1890.23993461
client_10000086,service_10000014,1931.4680127
client_10000086,service_10000005,2115.66908842
client_10000086,service_10000000,2237.85917891
client_10000087,service_10000010,216.419203866
client_10000087,service_10000011,377.17148464
client_10000087,service_10000006,604.037097873
client_10000087,service_10000009,783.656790718
client_10000087,service_10000004,1053.8906376
client_10000087,service_10000008,1196.42510064
client_10000087,service_10000012,1266.95313074
client_10000087,service_10000001,1279.72537253
client_10000087,service_10000007,1335.99430446
client_10000087,service_10000002,1423.77680688
client_10000087,service_10000005,1557.08026056
client_10000087,service_10000013,1652.27447238
client_10000087,service_10000000,1708.59289386
client_10000087,service_10000014,1784.29269509
client_10000087,service_10000003,1975.87573787
client_10000088,service_10000004,409.424879669
client_10000088,service_10000005,522.478467783
client_10000088,service_10000007,768.966081139
client_10000088,service_10000009,849.071041583
client_10000088,service_10000006,896.81757107
client_10000088,service_10000011,1102.32470998
client_10000088,service_10000000,1212.24762948
client_10000088,service_10000001,1318.59522469
client_10000088,service_10000012,1553.85938842
client_10000088,service_10000010,1566.13452107
client_10000088,service_10000013,1579.25654261
client_10000088,service_10000014,1665.71976772
client_10000088,service_10000008,2143.67933845
client_10000088,service_10000002,2268.64116513
client_10000088,service_10000003,2530.59160957
client_10000089,service_10000010,151.737563787
client_10000089,service_10000011,330.136373407
client_10000089,service_10000006,548.961119089
client_10000089,service_10000009,812.681747906
client_10000089,service_10000004,1023.00550002
client_10000089,service_10000001,1167.65317212
client_10000089,service_10000007,1250.49035825
client_10000089,service_10000008,1313.29128748
client_10000089,service_10000012,1360.59101662
client_10000089,service_10000005,1489.8750335
client_10000089,service_10000002,1540.4236251
client_10000089,service_10000000,1606.97921326
client_10000089,service_10000013,1734.49554182
client_10000089,service_10000014,1866.66322741
client_10000089,service_10000003,2089.60164368
client_10000090,service_10000011,54.9522371384
client_10000090,service_10000006,263.702835268
client_10000090,service_10000010,416.544646914
client_10000090,service_10000009,618.084840736
client_10000090,service_10000004,741.742676325
client_10000090,service_10000007,997.557531168
client_10000090,service_10000001,1016.95655624
client_10000090,service_10000005,1212.61140283
client_10000090,service_10000012,1318.37174776
client_10000090,service_10000000,1395.29224875
client_10000090,service_10000008,1438.52129795
client_10000090,service_10000013,1643.30678289
client_10000090,service_10000002,1648.38199712
client_10000090,service_10000014,1773.90822134
client_10000090,service_10000003,2147.13915676
client_10000091,service_10000004,586.798786324
client_10000091,service_10000009,685.181510621
client_10000091,service_10000005,999.762136462
client_10000091,service_10000006,1015.23787033
client_10000091,service_10000013,1116.3859863
client_10000091,service_10000011,1156.50605767
client_10000091,service_10000012,1159.20330763
client_10000091,service_10000007,1193.14185836
client_10000091,service_10000014,1194.15203298
client_10000091,service_10000010,1608.00577238
client_10000091,service_10000000,1668.05986026
client_10000091,service_10000001,1686.75106287
client_10000091,service_10000008,1847.6347735
client_10000091,service_10000002,1934.22155263
client_10000091,service_10000003,2116.84117484
client_10000092,service_10000010,238.943445612
client_10000092,service_10000011,295.226410571
client_10000092,service_10000006,521.9521767
client_10000092,service_10000009,729.87616816
client_10000092,service_10000004,976.070143996
client_10000092,service_10000001,1215.69281542
client_10000092,service_10000008,1246.91725465
client_10000092,service_10000007,1255.7092342
client_10000092,service_10000012,1267.14425581
client_10000092,service_10000002,1470.10038466
client_10000092,service_10000005,1474.82409096
client_10000092,service_10000000,1634.28764058
client_10000092,service_10000013,1639.80359228
client_10000092,service_10000014,1771.97128595
client_10000092,service_10000003,2009.2858275
client_10000093,service_10000009,38.6610186116
client_10000093,service_10000006,558.001757873
client_10000093,service_10000004,563.458737133
client_10000093,service_10000011,569.155703102
client_10000093,service_10000012,823.110184516
client_10000093,service_10000010,954.553384871
client_10000093,service_10000013,1062.55338923
client_10000093,service_10000007,1183.77938348
client_10000093,service_10000014,1188.54424804
client_10000093,service_10000005,1212.4683778
client_10000093,service_10000008,1266.34831235
client_10000093,service_10000002,1412.00071538
client_10000093,service_10000001,1460.48406423
client_10000093,service_10000000,1673.13749508
client_10000093,service_10000003,1770.32765265
client_10000094,service_10000014,262.858097399
client_10000094,service_10000013,337.365580482
client_10000094,service_10000012,767.737784513
client_10000094,service_10000009,1257.60804881
client_10000094,service_10000003,1328.62974829
client_10000094,service_10000002,1477.08915755
client_10000094,service_10000008,1536.06272124
client_10000094,service_10000004,1564.0112948
client_10000094,service_10000006,1793.30055663
client_10000094,service_10000011,1809.50465982
client_10000094,service_10000005,2090.30344162
client_10000094,service_10000010,2125.63683355
client_10000094,service_10000007,2238.82819086
client_10000094,service_10000001,2650.73938725
client_10000094,service_10000000,2731.81246071
client_10000095,service_10000004,296.102857734
client_10000095,service_10000009,545.989117499
client_10000095,service_10000006,749.326537034
client_10000095,service_10000005,783.908846143
client_10000095,service_10000011,915.449900952
client_10000095,service_10000007,923.873432472
client_10000095,service_10000012,1229.4586214
client_10000095,service_10000013,1284.00522073
client_10000095,service_10000010,1378.79525247
client_10000095,service_10000014,1380.2514679
client_10000095,service_10000001,1398.40003011
client_10000095,service_10000000,1411.52480803
client_10000095,service_10000008,1822.93526802
client_10000095,service_10000002,1942.95891246
client_10000095,service_10000003,2207.33597956
client_10000096,service_10000014,41.2330372551
client_10000096,service_10000013,94.2673535398
client_10000096,service_10000012,518.990112424
client_10000096,service_10000003,1061.84285181
client_10000096,service_10000009,1175.22468613
client_10000096,service_10000002,1185.543744
client_10000096,service_10000008,1252.33020544
client_10000096,service_10000004,1563.86754968
client_10000096,service_10000011,1693.94633642
client_10000096,service_10000006,1713.42721369
client_10000096,service_10000010,1960.82177546
client_10000096,service_10000005,2144.19866484
client_10000096,service_10000007,2246.08662668
client_10000096,service_10000001,2605.96601712
client_10000096,service_10000000,2744.84013186
client_10000097,service_10000002,118.585230643
client_10000097,service_10000008,281.962320621
client_10000097,service_10000003,587.158691288
client_10000097,service_10000012,703.536579022
client_10000097,service_10000013,1029.92189626
client_10000097,service_10000014,1100.45942743
client_10000097,service_10000009,1375.4359918
client_10000097,service_10000010,1593.59984798
client_10000097,service_10000011,1598.73147785
client_10000097,service_10000006,1749.90445556
client_10000097,service_10000004,1900.44582517
client_10000097,service_10000007,2491.56477104
client_10000097,service_10000005,2549.80832623
client_10000097,service_10000001,2629.62462031
client_10000097,service_10000000,2957.82163476
client_10000098,service_10000001,350.543453053
client_10000098,service_10000006,594.839946355
client_10000098,service_10000007,599.81660135
client_10000098,service_10000011,685.253577815
client_10000098,service_10000000,808.466733419
client_10000098,service_10000010,847.312576049
client_10000098,service_10000004,897.451988489
client_10000098,service_10000005,953.892814179
client_10000098,service_10000009,1131.36544922
client_10000098,service_10000012,1943.16052594
client_10000098,service_10000008,2101.69513726
client_10000098,service_10000013,2214.03977764
client_10000098,service_10000002,2315.20350843
client_10000098,service_10000014,2338.9592993
client_10000098,service_10000003,2810.63641736
client_10000099,service_10000009,561.740153133
client_10000099,service_10000013,610.728103783
client_10000099,service_10000012,616.449459143
client_10000099,service_10000014,714.494918481
client_10000099,service_10000004,874.630092059
client_10000099,service_10000006,1088.37642334
client_10000099,service_10000011,1125.99774844
client_10000099,service_10000008,1356.27670467
client_10000099,service_10000002,1413.51014044
client_10000099,service_10000005,1458.43896817
client_10000099,service_10000010,1492.95363535
client_10000099,service_10000007,1556.64866488
client_10000099,service_10000003,1569.13292331
client_10000099,service_10000001,1943.34147712
client_10000099,service_10000000,2054.86641131
